,City,Cloudiness,Country,Date,Humidity,Lat,Lng,Max Temp,Wind Speed
0,Puri,100,ID,1570371809,81,-7.54,112.45,74.34,12.93
1,Yoichi,0,JP,1570371830,83,43.19,140.77,44.01,6.06
2,Busselton,0,AU,1570371831,57,-33.64,115.35,51.01,13.98
3,Hilo,1,US,1570371831,73,19.71,-155.08,71.6,6.93
4,Marawi,9,PH,1570371831,81,8.0,124.29,79.0,5.01
5,Hithadhoo,100,MV,1570371832,81,-0.6,73.08,80.82,14.29
6,Seoul,75,KR,1570371776,93,37.57,126.98,66.2,2.24
7,Mataura,79,NZ,1570371833,92,-46.19,168.86,44.01,1.01
8,Rikitea,100,PF,1570371833,93,-23.12,-134.97,72.54,28.32
9,Funadhoo,100,MV,1570371834,74,6.15,73.27,82.98,7.09
10,Butaritari,9,KI,1570371834,65,3.07,172.79,84.78,5.88
11,Reconquista,2,AR,1570371834,51,-29.14,-59.64,69.48,7.18
12,San Quintin,34,PH,1570371835,92,17.54,120.52,73.8,4.09
13,Alofi,100,NU,1570371836,77,-19.06,-169.92,68.0,4.7
14,Nikolskoye,75,RU,1570371836,69,59.7,30.79,39.2,4.47
15,Kodiak,40,US,1570371837,93,39.95,-94.76,52.0,5.95
16,Fortuna,1,US,1570371837,87,40.6,-124.16,46.4,8.05
17,Kaitangata,94,NZ,1570371838,80,-46.28,169.85,46.0,4.0
18,Mar del Plata,100,AR,1570371838,39,-46.43,-67.52,57.6,23.02
19,Bredasdorp,100,ZA,1570371838,52,-34.53,20.04,68.0,12.75
20,Ushuaia,75,AR,1570371566,81,-54.81,-68.31,44.6,23.04
21,Upernavik,99,GL,1570371839,78,72.79,-56.15,32.4,11.36
22,Aitape,14,PG,1570371840,88,-3.15,142.36,76.68,4.45
23,Ancud,75,CL,1570371840,87,-41.87,-73.83,51.8,8.05
24,Hermanus,100,ZA,1570371841,68,-34.42,19.24,66.99,5.01
25,Atuona,59,PF,1570371842,70,-9.8,-139.03,79.2,16.33
26,Sitka,81,US,1570371842,77,37.17,-99.65,57.0,5.99
27,The Valley,40,AI,1570371842,62,18.22,-63.06,89.6,9.17
28,Auch,75,FR,1570371843,82,43.65,0.59,68.0,11.41
29,San Roque,75,CO,1570371843,100,6.49,-75.02,69.8,2.24
30,Saldanha,59,PT,1570371843,33,41.42,-6.55,75.06,3.71
31,Barrow,0,AR,1570371844,34,-38.31,-60.23,68.22,18.16
32,Ribeira Grande,75,PT,1570371844,88,38.52,-28.7,73.4,12.75
33,Hasaki,75,JP,1570371844,82,35.73,140.83,64.4,9.17
34,Sinnamary,2,GF,1570371845,76,5.38,-52.96,82.44,13.51
35,Kapaa,90,US,1570371604,88,22.08,-159.32,73.4,3.36
36,Albany,90,US,1570371846,67,42.65,-73.75,57.99,14.99
37,Bontang,89,ID,1570371846,88,0.12,117.47,74.16,1.95
38,Kondinskoye,100,RU,1570371846,89,59.65,67.41,50.22,7.65
39,Pechora,88,RU,1570371847,79,65.12,57.16,33.3,7.83
40,Bluff,0,AU,1570371847,75,-23.58,149.07,63.0,2.91
41,Gat,75,SN,1570371848,66,14.69,-16.54,87.8,6.93
42,Vaini,97,IN,1570371848,87,15.34,74.49,76.68,0.87
43,Guerrero Negro,0,MX,1570371848,77,27.97,-114.04,69.66,10.56
44,Qaanaaq,99,GL,1570371849,82,77.48,-69.36,17.64,11.25
45,Quelimane,20,MZ,1570371849,61,-17.88,36.89,82.4,10.29
46,Bethel,90,US,1570371849,86,60.79,-161.76,39.2,17.22
47,Chivilcoy,0,AR,1570371850,39,-34.9,-60.02,68.94,12.46
48,Coihaique,90,CL,1570371850,93,-45.58,-72.07,41.0,3.36
49,Smithers,20,CA,1570371851,86,54.78,-127.17,33.8,4.7
50,Te Anau,73,NZ,1570371851,82,-45.41,167.72,41.04,3.76
51,Constitucion,5,MX,1570371852,81,23.99,-104.67,61.0,5.91
52,Svetlogorsk,32,RU,1570371852,28,53.14,59.15,55.4,6.71
53,Mugur-Aksy,0,RU,1570371852,77,50.38,90.44,29.52,0.63
54,Hobart,90,AU,1570371577,76,-42.88,147.33,52.0,5.82
55,Ngunguru,100,NZ,1570371853,93,-35.62,174.5,55.0,9.28
56,Hamilton,75,CA,1570371604,87,43.26,-79.87,63.0,13.87
57,Saint-Philippe,90,CA,1570371854,71,45.36,-73.48,54.0,13.87
58,Owatonna,1,US,1570371854,66,44.08,-93.23,53.01,14.99
59,Cabras,90,CO,1570371855,87,5.5,-75.6,67.14,2.46
60,Port Elizabeth,90,US,1570371855,68,39.31,-74.98,72.0,5.82
61,Cockburn Town,72,TC,1570371856,72,21.46,-71.14,84.06,10.58
62,Biu,98,NG,1570371856,78,10.61,12.19,76.68,8.37
63,Ziway,13,ET,1570371856,77,7.93,38.72,64.62,8.99
64,Killybegs,75,IE,1570371857,76,54.63,-8.45,57.2,5.82
65,Belawan,100,ID,1570371857,94,-0.59,114.46,71.46,1.03
66,Puerto Ayora,75,EC,1570371858,77,-0.74,-90.35,69.8,17.22
67,Sandy Bay,90,AU,1570371858,76,-42.9,147.33,52.0,5.82
68,Tasiilaq,90,GL,1570371859,81,65.61,-37.64,42.8,26.4
69,Mehamn,99,NO,1570371859,83,71.03,27.85,40.14,17.45
70,Awbari,100,LY,1570371859,15,26.59,12.77,92.16,7.78
71,Georgetown,75,GY,1570371857,74,6.8,-58.16,87.8,9.17
72,Castro,75,CL,1570371861,87,-42.48,-73.76,51.8,8.05
73,Bama,0,CN,1570371862,71,24.14,107.25,71.82,1.66
74,Cherskiy,0,RU,1570371862,84,68.75,161.3,16.2,5.12
75,Ilulissat,75,GL,1570371862,83,69.22,-51.1,37.4,8.05
76,Cape Town,75,ZA,1570371659,59,-33.93,18.42,69.01,8.05
77,Moose Factory,90,CA,1570371863,93,51.26,-80.61,50.0,16.11
78,Byron Bay,29,AU,1570371863,88,-28.65,153.62,69.8,8.05
79,Havre,1,US,1570371864,80,48.55,-109.68,39.0,16.11
80,Beringovskiy,100,RU,1570371864,56,63.05,179.32,25.38,0.96
81,Lakselv,75,NO,1570371865,70,70.05,24.96,44.6,32.21
82,Norman Wells,20,CA,1570371865,92,65.28,-126.83,19.4,3.36
83,Ginir,94,ET,1570371865,92,7.14,40.71,60.3,3.13
84,Port Hardy,5,CA,1570371866,100,50.7,-127.42,39.2,2.24
85,Tilichiki,100,RU,1570371866,96,60.47,166.1,33.84,35.99
86,Mount Gambier,82,AU,1570371866,93,-37.83,140.78,48.2,5.82
87,Kiunga,100,PG,1570371867,99,-6.12,141.3,72.9,2.08
88,Hambantota,90,LK,1570371867,100,6.12,81.12,75.2,3.36
89,Gourdon,98,FR,1570371868,88,44.74,1.38,64.4,17.22
90,Niono,76,ML,1570371868,33,14.25,-5.99,96.12,12.71
91,Matara,75,BI,1570371868,54,-3.48,29.48,82.4,20.8
92,Roebourne,0,AU,1570371869,17,-20.77,117.15,82.44,12.03
93,Ahipara,79,NZ,1570371869,100,-35.17,173.16,57.99,9.42
94,Airai,0,TL,1570371870,83,-8.93,125.41,69.12,4.5
95,Kabelvag,75,NO,1570371870,81,68.21,14.48,45.0,16.11
96,Bolo,13,ET,1570371870,58,8.24,39.58,70.74,8.75
97,Xining,100,CN,1570371871,93,36.62,101.77,37.8,3.02
98,Yellowknife,90,CA,1570371871,100,62.45,-114.38,37.4,4.7
99,Vanavara,38,RU,1570371871,87,60.35,102.28,29.88,7.7
100,Dandong,100,CN,1570371872,79,40.12,124.37,53.46,4.03
101,Meulaboh,100,ID,1570371872,76,4.14,96.13,80.28,4.09
102,Los Llanos de Aridane,75,ES,1570371872,65,28.66,-17.92,77.0,13.87
103,Lompoc,1,US,1570371873,70,34.64,-120.46,57.2,4.63
104,Bambous Virieux,20,MU,1570371873,78,-20.34,57.76,75.2,11.41
105,Khatanga,31,RU,1570371873,96,71.98,102.47,20.34,5.44
106,Saskylakh,92,RU,1570371874,97,71.97,114.09,19.98,2.8
107,Ibra,100,OM,1570371874,60,22.69,58.55,77.04,1.3
108,Olavarria,0,AR,1570371874,43,-36.89,-60.32,66.0,5.01
109,Yashkul,100,RU,1570371875,55,46.17,45.34,71.82,8.84
110,Thompson,90,CA,1570371612,93,55.74,-97.86,41.0,6.93
111,Port Lincoln,100,AU,1570371875,84,-34.72,135.86,56.16,9.28
112,Puerto Carreno,0,CO,1570371639,74,6.19,-67.49,82.4,4.7
113,Port Blair,3,IN,1570371876,74,11.67,92.75,82.8,6.69
114,Batticaloa,88,LK,1570371877,87,7.71,81.69,76.5,2.04
115,Kanigoro,88,ID,1570371877,93,-8.13,112.22,71.46,5.3
116,Kavieng,77,PG,1570371878,74,-2.57,150.8,83.7,9.46
117,Esperance,24,AU,1570371878,93,-33.86,121.89,48.2,3.36
118,Yermakovskoye,54,RU,1570371878,89,53.28,92.4,45.9,3.69
119,Emba,40,CY,1570371879,61,34.81,32.42,78.8,16.11
120,Saint George,20,GR,1570371879,47,39.45,22.34,78.8,11.41
121,Chokurdakh,84,RU,1570371879,80,70.62,147.9,17.46,7.0
122,Jamestown,100,AU,1570371879,93,-33.21,138.6,52.74,4.88
123,Punta Arenas,40,CL,1570371880,76,-53.16,-70.91,48.2,20.8
124,Arraial do Cabo,40,BR,1570371880,78,-22.97,-42.02,78.8,12.75
125,Lorengau,21,PG,1570371880,84,-2.02,147.27,79.2,7.11
126,Salinopolis,76,BR,1570371881,84,-0.61,-47.36,80.46,18.23
127,Tuktoyaktuk,90,CA,1570371881,74,69.44,-133.03,35.6,18.34
128,Klitos,20,GR,1570371882,33,40.43,21.86,73.99,2.46
129,Mareeba,40,AU,1570371882,82,-16.99,145.42,68.0,4.7
130,Luang Prabang,20,LA,1570371882,74,19.89,102.14,82.4,2.24
131,Avarua,100,CK,1570371883,56,-21.21,-159.78,68.0,8.05
132,Adrar,0,DZ,1570371883,13,27.87,-0.29,98.6,9.17
133,Lhokseumawe,100,ID,1570371883,92,5.18,97.15,72.0,1.14
134,Florianopolis,75,BR,1570371789,72,-27.6,-48.55,68.0,10.29
135,Pangnirtung,81,CA,1570371884,54,66.15,-65.72,22.86,2.51
136,Mahebourg,20,MU,1570371882,78,-20.41,57.7,75.2,11.41
137,Namatanai,90,PG,1570371884,83,-3.66,152.44,79.38,12.39
138,Lavrentiya,93,RU,1570371885,95,65.58,-170.99,31.32,10.29
139,Ghanzi,46,BW,1570371885,9,-21.7,21.65,95.76,9.19
140,Kontagora,79,NG,1570371886,73,10.4,5.47,82.44,0.89
141,Egvekinot,31,RU,1570371886,71,66.32,-179.17,18.9,1.43
142,Souillac,90,FR,1570371887,68,45.6,-0.6,64.99,12.75
143,Coquimbo,0,CL,1570371887,67,-29.95,-71.34,80.01,6.93
144,Alamosa,1,US,1570371887,50,37.47,-105.87,36.0,3.36
145,Bushehr,0,IR,1570371888,29,28.97,50.84,91.4,11.41
146,Lasa,40,CY,1570371888,61,34.92,32.53,78.8,16.11
147,Kaeo,100,NZ,1570371888,100,-35.1,173.78,57.99,0.83
148,Darhan,72,MN,1570371889,75,49.49,105.92,38.7,10.04
149,Ajdabiya,0,LY,1570371889,69,30.75,20.22,76.68,13.2
150,Saint-Pierre,97,FR,1570371889,93,48.95,4.24,61.0,13.87
151,Benton Harbor,1,US,1570371889,67,42.12,-86.45,60.01,9.17
152,Teya,75,MX,1570371890,83,21.05,-89.07,84.0,3.62
153,Pangoa,70,PE,1570371890,94,-12.12,-73.0,76.5,2.46
154,Baykit,100,RU,1570371890,94,61.68,96.39,28.8,5.93
155,Arlit,21,NE,1570371891,9,18.74,7.39,104.76,3.67
156,Moche,90,PE,1570371891,93,-8.17,-79.01,60.8,9.17
157,Port Alfred,82,ZA,1570371891,85,-33.59,26.89,66.0,5.99
158,Finnsnes,75,NO,1570371892,87,69.23,17.98,42.8,27.51
159,ChengDe,100,CN,1570371892,59,40.97,117.93,45.72,2.86
160,New Norfolk,90,AU,1570371892,76,-42.78,147.06,52.0,5.82
161,Zambezi,94,ZM,1570371893,21,-13.55,23.12,91.44,9.57
162,Ostrovnoy,4,RU,1570371893,90,68.05,39.51,28.26,10.78
163,Camargo,5,MX,1570371893,63,27.69,-105.17,73.44,1.61
164,Oussouye,40,SN,1570371894,59,12.49,-16.54,93.2,4.7
165,Tautira,40,PF,1570371894,83,-17.73,-149.15,75.2,4.7
166,Benguela,75,AO,1570371895,94,-12.58,13.4,78.8,11.41
167,Salta,20,AR,1570371895,51,-24.79,-65.41,64.4,3.36
168,Macusani,100,PE,1570371896,82,-14.07,-70.43,39.24,9.82
169,Labasan,32,PH,1570371896,91,12.78,121.47,70.74,6.6
170,Aripuana,60,BR,1570371896,55,-9.17,-60.63,90.18,3.53
171,Swan Hill,100,AU,1570371896,97,-35.34,143.56,50.94,8.12
172,Faanui,51,PF,1570371897,84,-16.48,-151.75,77.58,17.69
173,Nueva Gerona,88,CU,1570371898,82,21.88,-82.8,82.26,17.13
174,Anaconda,1,US,1570371898,79,46.13,-112.94,36.0,4.7
175,Vila Velha,40,BR,1570371899,45,-3.71,-38.6,87.8,21.92
176,Kilindoni,0,TZ,1570371899,75,-7.91,39.67,79.74,10.58
177,Bandrele,0,YT,1570371899,74,-12.91,45.19,84.2,9.17
178,Katherine,36,AU,1570371685,21,-14.47,132.26,84.2,14.99
179,Bull Savanna,94,JM,1570371900,74,17.89,-77.59,82.98,14.2
180,Ouadda,100,CF,1570371900,86,8.07,22.4,76.32,5.66
181,Atlantis,75,ZA,1570371901,59,-33.57,18.5,69.01,8.05
182,Asyut,0,EG,1570371901,28,27.18,31.19,95.0,13.87
183,Cidreira,100,BR,1570371901,75,-30.17,-50.22,64.08,9.46
184,Leninsk,0,RU,1570371902,82,48.69,45.2,64.4,6.71
185,Pisco,90,PE,1570371902,30,-13.71,-76.2,71.6,4.7
186,Fare,98,PF,1570371902,84,-16.7,-151.02,76.68,19.17
187,Corsicana,1,US,1570371903,78,32.09,-96.46,81.0,6.93
188,Winnemucca,1,US,1570371903,55,40.97,-117.74,37.4,11.41
189,Atar,13,MR,1570371903,6,20.52,-13.05,108.54,9.42
190,Constantine,0,DZ,1570371904,31,36.36,6.61,77.0,13.87
191,San Patricio,100,PY,1570371904,70,-26.98,-56.83,70.38,6.71
192,Rantepao,100,ID,1570371905,97,-2.97,119.9,59.22,2.55
193,Klaksvik,75,FO,1570371905,81,62.23,-6.59,51.8,34.45
194,Patnongon,23,PH,1570371905,71,10.91,121.99,84.78,7.09
195,Provideniya,0,RU,1570371906,84,64.42,-173.23,24.3,7.45
196,Farafangana,42,MG,1570371906,88,-22.82,47.83,70.38,5.32
197,Dodoma,40,TZ,1570371906,48,-6.18,35.75,82.4,17.22
198,Andros Town,40,BS,1570371907,74,24.73,-77.79,82.4,10.29
199,Koutiala,100,ML,1570371907,58,12.39,-5.46,85.86,4.63
200,Ende,0,ID,1570371907,73,-8.84,121.65,79.38,6.89
201,Kautokeino,100,NO,1570371908,94,69.01,23.04,34.74,9.53
202,Nizhniy Tsasuchey,100,RU,1570371909,62,50.52,115.13,39.6,12.75
203,Aklavik,40,CA,1570371909,92,68.22,-135.01,26.6,4.7
204,Juneau,90,US,1570371816,93,58.3,-134.42,51.8,12.75
205,Sungaipenuh,71,ID,1570371911,96,-2.08,101.38,71.64,0.74
206,Yulara,0,AU,1570371911,22,-25.24,130.99,77.0,5.82
207,Kenai,1,US,1570371911,41,60.55,-151.26,42.8,12.75
208,Nuuk,75,GL,1570371912,74,64.17,-51.74,35.6,11.41
209,Dutse,97,NG,1570371912,39,11.76,9.34,92.16,9.33
210,Semey,0,KZ,1570371913,37,50.41,80.25,53.6,2.24
211,Labuhan,100,ID,1570371913,91,-2.54,115.51,72.9,1.74
212,Eyl,90,SO,1570371913,72,7.98,49.82,80.1,14.25
213,Aleksandrov Gay,33,RU,1570371914,23,50.14,48.57,65.34,17.07
214,Saint-Joseph,0,FR,1570371914,64,43.56,6.97,75.2,6.93
215,Goderich,47,CA,1570371914,82,43.74,-81.71,62.01,14.0
216,Pevek,100,RU,1570371915,85,69.7,170.27,26.82,9.1
217,Tessalit,77,ML,1570371915,12,20.2,1.01,101.7,4.92
218,Valera,0,VE,1570371915,73,9.31,-70.61,82.98,3.22
219,Sao Sebastiao,100,BR,1570371858,37,-3.15,-58.36,97.02,4.65
220,Mount Pleasant,1,US,1570371916,83,33.16,-94.97,78.8,4.47
221,San Policarpo,31,PH,1570371917,78,12.18,125.51,80.64,4.5
222,Shubarshi,0,KZ,1570371917,21,48.59,57.19,59.04,9.28
223,Beloha,2,MG,1570371917,66,-25.17,45.06,75.42,21.7
224,East London,20,ZA,1570371918,73,-33.02,27.91,71.6,21.92
225,Srednekolymsk,0,RU,1570371918,85,67.46,153.71,13.86,5.68
226,Mahibadhoo,34,MV,1570371918,74,3.78,72.97,83.16,10.49
227,La Rioja,0,AR,1570371919,34,-29.41,-66.86,62.1,7.25
228,Gazanjyk,0,TM,1570371919,15,39.24,55.52,74.88,14.09
229,San Cristobal,100,HN,1570371919,70,14.68,-86.92,77.58,1.92
230,Nemuro,12,JP,1570371920,61,43.32,145.57,54.9,11.97
231,Lafia,94,NG,1570371920,74,8.5,8.51,84.42,5.14
232,Hibbing,1,US,1570371920,87,47.43,-92.94,46.4,8.05
233,Ghatampur,0,IN,1570371921,54,26.16,80.17,83.34,3.74
234,Ponta do Sol,0,BR,1570371921,34,-20.63,-46.0,87.48,5.32
235,Rostov,100,UA,1570371921,84,51.96,33.74,41.58,9.69
236,Liverpool,75,GB,1570371779,82,53.41,-2.98,60.01,18.34
237,Abriaqui,40,CO,1570371922,68,6.63,-76.06,69.8,3.31
238,Hunterville,3,NZ,1570371922,84,-39.94,175.57,50.0,4.38
239,Lebu,20,ET,1570371923,45,8.96,38.73,68.0,20.8
240,Jaguarari,0,BR,1570371923,27,-10.26,-40.2,85.32,10.2
241,Shenkursk,100,RU,1570371924,95,62.11,42.91,34.2,2.06
242,Dikson,100,RU,1570371924,79,73.51,80.55,24.3,23.89
243,Padang,32,ID,1570371924,86,-0.92,100.36,78.3,19.24
244,Chuy,0,UY,1570371925,66,-33.69,-53.46,58.86,5.82
245,Torbay,20,CA,1570371925,70,47.66,-52.73,48.99,16.11
246,Naze,75,NG,1570371926,70,5.43,7.07,86.0,4.7
247,Iquique,40,CL,1570371926,59,-20.22,-70.14,60.8,11.41
248,Luderitz,0,NA,1570371926,49,-26.65,15.16,69.8,25.28
249,Lufilufi,100,WS,1570371926,82,-13.87,-171.6,79.74,17.81
250,Dafeng,100,CN,1570371927,82,33.2,120.46,60.84,11.03
251,Sidhi,0,IN,1570371927,63,24.41,81.88,78.3,4.45
252,Waingapu,57,ID,1570371928,85,-9.65,120.26,70.56,7.85
253,Guatire,40,VE,1570371928,66,10.47,-66.54,87.8,5.82
254,Werda,84,BW,1570371929,9,-25.27,23.28,96.3,12.48
255,Arcos de la Frontera,0,ES,1570371929,31,36.75,-5.81,87.8,2.24
256,Santa Rita,40,BR,1570371929,62,-7.13,-34.98,84.2,14.99
257,Vila,40,IT,1570371930,59,45.18,8.4,68.0,6.93
258,Buala,0,SB,1570371930,83,-8.15,159.59,78.84,5.55
259,Dingle,0,PH,1570371930,90,11.0,122.67,74.88,7.72
260,Lavumisa,0,ZA,1570371931,26,-27.31,31.88,88.56,9.62
261,Pokhara,60,NP,1570371931,87,28.21,83.99,51.66,2.17
262,Kaya,100,NG,1570371931,55,13.31,12.68,81.54,3.44
263,Morgan City,75,US,1570371932,94,29.7,-91.21,82.4,4.7
264,Tuy Hoa,97,VN,1570371932,96,13.08,109.3,71.46,1.3
265,Darab,27,IR,1570371933,59,28.75,54.55,63.54,13.56
266,Morrope,20,PE,1570371933,29,-6.54,-80.02,66.2,12.75
267,Price,1,US,1570371934,41,39.6,-110.81,39.2,9.17
268,Batemans Bay,37,AU,1570371934,55,-35.71,150.18,61.0,1.99
269,Codrington,0,AU,1570371934,93,-28.95,153.24,66.2,3.36
270,Birin,75,NP,1570371935,88,26.89,88.07,77.0,2.24
271,Sarana,58,RU,1570371935,64,56.48,57.73,46.08,5.59
272,Muravlenko,100,RU,1570371935,62,63.79,74.5,42.84,22.97
273,Mashhad,0,IR,1570371699,22,36.3,59.61,68.0,4.25
274,Aljezur,0,PT,1570371936,67,37.31,-8.8,73.0,1.99
275,Kuryk,56,KZ,1570371936,21,43.18,51.68,71.28,10.8
276,Severo-Kurilsk,91,RU,1570371937,70,50.68,156.12,43.2,34.36
277,Ostersund,0,SE,1570371937,65,63.18,14.64,43.0,8.05
278,Shimorskoye,100,RU,1570371938,98,55.33,42.04,44.64,12.75
279,Bandarbeyla,0,SO,1570371938,69,9.49,50.81,80.46,17.45
280,Marsa Matruh,0,EG,1570371938,70,31.35,27.25,75.06,12.82
281,Sayyan,70,YE,1570371939,54,15.17,44.32,74.88,7.43
282,Gizo,20,IL,1570371939,61,31.8,34.94,82.4,10.29
283,Hearst,99,CA,1570371940,79,49.69,-83.67,48.96,16.33
284,Talara,0,PE,1570371940,290,-4.58,-81.27,62.6,23.04
285,Port Macquarie,32,AU,1570371941,82,-31.43,152.91,62.6,9.17
286,Nanortalik,42,GL,1570371941,74,60.14,-45.24,43.2,4.97
287,Ahuimanu,1,US,1570371942,83,21.44,-157.84,75.2,2.62
288,Talaya,0,RU,1570371942,76,55.79,84.89,57.0,6.71
289,Geraldton,90,CA,1570371942,93,49.72,-86.95,44.6,12.75
290,Veraval,50,FR,1570371943,82,49.65,0.71,62.01,11.41
291,Barcelos,88,BR,1570371943,40,-0.97,-62.93,95.94,2.57
292,Rio Grande,75,BR,1570371806,60,-32.03,-52.1,69.8,6.93
293,Kalabo,67,ZM,1570371944,16,-15.0,22.67,94.32,5.1
294,Eureka,1,US,1570371944,93,40.8,-124.16,46.4,3.36
295,Dhidhdhoo,100,MV,1570371944,72,6.88,73.1,83.7,5.84
296,Rongcheng,100,CN,1570371945,48,37.16,122.42,58.14,6.06
297,Skala,40,GR,1570371945,60,36.85,22.66,75.2,4.36
298,Ivanteyevka,90,RU,1570371946,100,55.97,37.92,36.0,15.66
299,Flinders,72,AU,1570371947,100,-34.58,150.85,64.0,10.29
300,Bathsheba,40,BB,1570371947,66,13.22,-59.52,87.8,18.34
301,Longyearbyen,40,NO,1570371948,88,78.22,15.63,32.0,1.12
302,Belyy Yar,0,RU,1570371948,87,53.6,91.39,46.4,2.24
303,Strezhevoy,0,RU,1570371948,44,60.73,77.6,57.2,8.95
304,Tela,75,HN,1570371948,83,15.78,-87.45,86.0,8.81
305,Vung Tau,100,VN,1570371949,84,10.35,107.08,79.56,7.38
306,Buluang,20,PH,1570371949,78,10.47,123.98,82.4,5.82
307,Khani,75,GE,1570371950,69,41.96,42.96,75.2,12.75
308,Birpur,1,IN,1570371950,74,26.48,86.75,79.74,3.96
309,Dali,85,CN,1570371950,90,34.79,109.94,48.96,1.41
310,Cairns,40,AU,1570371921,82,-16.92,145.77,68.0,4.7
311,Ponta Delgada,20,PT,1570371951,88,37.73,-25.67,75.2,13.87
312,Porto Novo,40,BR,1570371951,57,-23.68,-45.44,77.0,5.82
313,Hailar,100,CN,1570371951,70,49.2,119.7,43.38,6.38
314,Maniitsoq,23,GL,1570371952,71,65.42,-52.9,36.9,21.79
315,Mecca,0,SA,1570371952,52,21.43,39.83,89.46,7.47
316,Markovo,40,BG,1570371953,67,43.2,27.23,62.01,6.93
317,Cabinda,20,AO,1570371954,66,-5.56,12.19,84.2,9.17
318,Sao Jose da Coroa Grande,47,BR,1570371954,53,-8.9,-35.15,84.06,10.31
319,Qaqortoq,20,GL,1570371954,56,60.72,-46.03,44.6,2.44
320,Tiksi,92,RU,1570371955,94,71.64,128.87,18.9,4.41
321,Makakilo City,1,US,1570371849,88,21.35,-158.09,75.2,5.82
322,Damavand,20,IR,1570371955,12,35.72,52.07,77.0,4.7
323,Carnarvon,0,ZA,1570371956,7,-30.97,22.13,81.36,20.51
324,Sulangan,11,PH,1570371956,76,11.14,123.72,84.24,12.66
325,Ronse,40,BE,1570371957,82,50.75,3.6,63.0,14.99
326,Hami,0,CN,1570371957,19,42.84,93.51,59.94,6.51
327,Victoria,75,BN,1570371753,74,5.28,115.24,84.2,4.7
328,Laguna Beach,1,US,1570371838,71,33.54,-117.78,57.99,4.47
329,Lagoa,0,PT,1570371958,68,37.14,-8.45,73.0,8.05
330,Waipawa,0,NZ,1570371958,88,-39.94,176.59,41.0,7.0
331,Katsuura,20,JP,1570371958,68,33.93,134.5,68.0,6.93
332,Hofn,90,IS,1570371959,100,64.25,-15.21,50.0,13.87
333,Berlevag,75,NO,1570371959,86,70.86,29.09,37.4,11.41
334,Muriti,75,TZ,1570371959,65,-1.99,32.93,78.8,5.82
335,Staryy Nadym,37,RU,1570371959,75,65.61,72.68,35.82,21.18
336,Manado,20,ID,1570371921,83,1.49,124.85,78.8,3.36
337,Luocheng,63,CN,1570371960,86,28.29,114.55,70.02,2.17
338,Luganville,100,VU,1570371961,98,-15.51,167.18,71.82,1.92
339,Saint Anthony,1,US,1570371962,86,43.97,-111.68,27.0,3.36
340,Salalah,40,OM,1570371962,78,17.01,54.1,82.4,10.29
341,Lagos,75,NG,1570371962,84,6.46,3.39,87.8,6.93
342,Maumere,2,ID,1570371963,74,-8.63,122.22,73.26,4.99
343,Yushu,0,CN,1570371963,55,44.84,126.53,46.8,14.47
344,Miles City,1,US,1570371963,65,46.41,-105.84,44.01,12.75
345,Laguna,75,BZ,1570371964,78,16.17,-88.94,82.4,3.85
346,Khipro,43,PK,1570371964,50,25.83,69.38,83.34,11.25
347,Nizhniy Kuranakh,100,RU,1570371965,97,58.84,125.49,30.6,5.46
348,Virginia Beach,90,US,1570371690,73,36.85,-75.98,75.2,9.17
349,Narsaq,20,GL,1570371965,56,60.91,-46.05,44.6,2.44
350,Ascoli Piceno,40,IT,1570371965,49,42.85,13.58,71.6,11.41
351,Gobabis,80,NA,1570371966,15,-22.45,18.97,95.0,4.7
352,Waddan,0,LY,1570371966,18,29.16,16.14,86.58,7.14
353,Naryan-Mar,80,RU,1570371967,96,67.67,53.09,31.86,13.65
354,Fairbanks,90,US,1570371813,100,64.84,-147.72,30.99,3.36
355,Tarko-Sale,87,RU,1570371968,89,64.92,77.78,39.0,3.0
356,Necochea,0,AR,1570371968,57,-38.55,-58.74,64.99,11.01
357,Pacific Grove,1,US,1570371771,37,36.62,-121.92,63.0,2.3
358,Agdas,0,AZ,1570371969,57,40.65,47.48,80.6,4.7
359,Surok,0,PH,1570371969,93,11.63,125.42,72.9,1.36
360,Awjilah,0,LY,1570371969,30,29.14,21.3,84.6,11.45
361,Ust-Nera,0,RU,1570371970,89,64.57,143.24,2.7,2.68
362,Massakory,99,TD,1570371970,58,13.0,15.73,82.26,3.15
363,Sabratah,0,LY,1570371971,42,32.79,12.49,81.36,10.38
364,Nhulunbuy,0,AU,1570371971,88,-12.18,136.78,73.4,4.7
365,Beidao,59,CN,1570371971,69,34.57,105.89,49.68,6.29
366,Butterworth,75,MY,1570371972,94,5.4,100.37,78.8,3.36
367,Solnechnyy,92,RU,1570371972,71,50.72,136.64,41.76,2.57
368,Hualmay,90,PE,1570371972,90,-11.1,-77.61,60.84,11.05
369,Leh,100,IN,1570371973,25,34.16,77.58,36.54,3.42
370,Banepa,40,NP,1570371974,78,27.63,85.52,71.6,5.82
371,Colares,20,PT,1570371974,57,38.8,-9.45,82.99,14.99
372,Halifax,20,CA,1570371931,46,44.65,-63.58,57.0,8.05
373,Bankura,99,IN,1570371975,74,23.24,87.07,81.0,1.01
374,Baturaja,92,ID,1570371976,57,-4.12,104.17,77.58,3.98
375,Sao Filipe,83,CV,1570371976,83,14.9,-24.5,77.94,13.87
376,La Ronge,90,CA,1570371977,65,55.1,-105.3,44.6,17.22
377,Rawson,100,AR,1570371977,51,-43.3,-65.11,57.24,19.1
378,Phangnga,40,TH,1570371977,83,8.45,98.53,78.8,1.43
379,Bud,0,NO,1570371978,45,62.91,6.91,50.0,2.24
380,Marsh Harbour,81,BS,1570371978,78,26.54,-77.06,80.1,20.27
381,Bilma,2,NE,1570371979,9,18.69,12.92,104.04,10.36
382,Jaisalmer,99,IN,1570371979,49,26.91,70.91,80.1,14.05
383,Half Moon Bay,1,US,1570371979,81,37.46,-122.43,64.0,3.36
384,Otjiwarongo,99,NA,1570371980,16,-20.46,16.65,90.36,7.27
385,Sola,98,TZ,1570371980,39,-3.17,33.8,81.54,11.7
386,Pula,90,EC,1570371981,73,-1.95,-79.93,75.99,6.93
387,Chapais,90,CA,1570371981,86,49.78,-74.86,41.0,13.87
388,Liancheng,0,CN,1570371982,97,24.05,105.06,62.1,2.98
389,Carrollton,90,US,1570371951,88,33.58,-85.08,68.0,6.93
390,Merauke,100,ID,1570371982,83,-8.49,140.4,79.02,21.03
391,Sorland,75,NO,1570371982,75,67.67,12.69,44.6,10.29
392,Khandbari,60,NP,1570371983,92,27.38,87.21,52.38,2.1
393,Balabac,67,PH,1570371983,79,7.99,117.06,81.72,7.29
394,Linxia,100,CN,1570371984,87,35.6,103.21,40.68,0.67
395,Agirish,60,RU,1570371985,65,61.92,63.02,39.96,5.44
396,Lethem,48,GY,1570371985,44,3.38,-59.8,92.52,10.98
397,Suzun,0,RU,1570371986,74,53.78,82.32,54.18,2.24
398,Presidencia Roque Saenz Pena,100,AR,1570371986,43,-26.79,-60.44,72.9,4.88
399,Lata,100,IN,1570371986,81,30.78,78.62,35.46,3.89
400,Henties Bay,60,NA,1570371987,87,-22.12,14.28,63.0,5.99
401,Sept-Iles,75,CA,1570371913,49,50.2,-66.38,39.2,3.36
402,Praia da Vitoria,40,PT,1570371988,74,38.73,-27.07,78.8,21.14
403,Linhares,62,BR,1570371988,66,-19.38,-40.06,79.74,6.29
404,Kutum,43,SD,1570371988,44,14.2,24.66,82.44,8.03
405,Clyde River,5,CA,1570371988,79,70.47,-68.59,26.6,4.7
406,Anadyr,0,RU,1570371989,92,64.73,177.51,17.6,4.47
407,Zyryanka,0,RU,1570371989,86,65.73,150.89,17.82,3.96
408,Brookhaven,90,US,1570371990,55,40.78,-72.92,66.99,11.41
409,Ambilobe,20,MG,1570371990,55,-13.19,49.05,81.72,15.61
410,Moerai,98,PF,1570371990,59,-22.43,-151.33,67.86,12.15
411,Karoi,27,ZW,1570371991,19,-16.82,29.68,87.66,0.87
412,Perth,0,AU,1570371877,71,-31.95,115.86,57.99,10.29
413,Aksarka,0,RU,1570371992,79,66.56,67.8,32.76,20.33
414,Guilin,4,CN,1570371992,65,25.28,110.29,77.0,8.95
415,Sao Joao da Barra,0,BR,1570371993,45,-21.64,-41.05,86.0,6.93
416,Marzuq,77,YE,1570371993,28,14.4,46.47,82.98,11.25
417,Cabo San Lucas,20,MX,1570371975,78,22.89,-109.91,75.99,8.46
418,Tubuala,40,PA,1570371994,88,9.52,-79.03,81.0,4.7
419,Mbeya,100,TZ,1570371994,69,-8.91,33.47,67.5,5.53
420,Sur,30,OM,1570371994,58,22.57,59.53,85.68,2.68
421,Kruisfontein,56,ZA,1570371995,69,-34.0,24.73,61.2,10.76
422,Jinotega,40,NI,1570371996,83,13.09,-86.0,71.6,3.58
423,Grand Gaube,20,MU,1570371996,78,-20.01,57.66,75.2,11.41
424,Znamenskoye,45,RU,1570371997,74,57.13,73.82,48.78,5.59
425,Vardo,90,US,1570371997,77,39.62,-77.74,64.99,12.75
426,Canutama,0,BR,1570371997,37,-6.53,-64.38,96.84,3.24
427,Natal,75,BR,1570371998,55,-5.81,-35.21,86.0,17.22
428,Macheng,100,CN,1570371998,86,31.18,115.03,56.52,9.98
429,Samarai,100,PG,1570371998,95,-10.62,150.67,73.26,5.77
430,Pitea,0,SE,1570371999,75,65.32,21.48,44.6,9.17
431,Sabang,6,PH,1570371999,86,13.8,121.11,82.0,3.0
432,Trapani,40,IT,1570371999,64,38.02,12.54,78.8,13.87
433,Yeppoon,0,AU,1570372000,77,-23.13,150.74,68.0,3.36
434,Nioro,100,GM,1570372000,42,13.79,-15.05,95.4,6.76
435,Myanaung,100,MM,1570372001,90,18.28,95.32,75.06,2.55
436,Abu Samrah,0,SY,1570372001,57,35.3,37.18,73.8,16.11
437,El Penon,75,MX,1570372001,88,20.26,-97.43,75.2,5.82
438,Kulhudhuffushi,100,MV,1570371730,75,6.62,73.07,82.98,7.34
439,Okhotsk,0,RU,1570372002,58,59.36,143.24,23.76,11.03
440,Fontem,100,CM,1570372003,69,5.49,9.85,84.78,3.6
441,Mananjary,41,MG,1570372003,46,-19.16,46.8,76.32,14.25
442,Mayumba,11,GA,1570372003,88,-3.44,10.65,77.22,11.41
443,Matagami,100,NG,1570372004,81,9.67,8.4,78.12,6.85
444,Kolosovka,73,RU,1570372004,68,56.47,73.61,50.58,7.83
445,Shelburne,20,CA,1570372005,82,44.08,-80.2,62.01,6.93
446,Zhigansk,100,RU,1570372005,96,66.77,123.37,27.0,8.81
447,Bucerias,75,MX,1570372006,100,20.76,-105.33,82.0,3.24
448,Vernon,1,CA,1570372007,86,50.27,-119.27,39.0,3.36
449,Sapa,20,PH,1570372007,78,14.32,120.76,82.4,3.36
450,Gawler,75,AU,1570372007,87,-34.6,138.75,57.99,6.93
451,Winslow,75,GB,1570372008,67,51.94,-0.88,63.0,16.11
452,Sao Paulo de Olivenca,0,BR,1570372008,45,-3.38,-68.87,92.52,4.5
453,Broome,75,GB,1570372009,100,52.47,1.45,57.2,5.82
454,Richards Bay,0,ZA,1570372009,72,-28.77,32.06,73.98,30.98
455,Nancha,35,CN,1570372010,62,47.14,129.26,42.84,8.3
456,Kribi,100,CM,1570372010,81,2.94,9.91,80.46,15.88
457,Bowmore,75,US,1570372010,72,34.94,-79.3,72.0,4.7
458,Talcahuano,90,CL,1570372011,100,-36.72,-73.12,51.8,8.05
459,Husavik,71,CA,1570372011,89,50.56,-96.99,50.0,10.0
460,Billings,1,US,1570372012,60,45.79,-108.5,39.2,14.99
461,Soyo,20,AO,1570372012,66,-6.13,12.37,84.2,9.17
462,Leninskoye,0,RU,1570372012,62,54.82,82.85,57.2,4.47
463,Neuquen,0,AR,1570371750,41,-38.95,-68.06,59.0,2.24
464,Santo Domingo,75,DO,1570372013,74,18.48,-69.94,88.0,5.14
465,Along,76,IN,1570372014,95,28.17,94.8,56.52,3.89
466,Rocha,0,UY,1570372014,51,-34.48,-54.34,61.38,4.29
467,Isangel,33,VU,1570372015,81,-19.55,169.27,73.98,7.72
468,Ambon,0,FR,1570372015,55,47.55,-2.56,64.99,13.87
469,Sao Gabriel da Cachoeira,0,BR,1570372016,79,-0.13,-67.09,84.2,3.36
470,Avera,90,US,1570372017,77,33.19,-82.53,71.6,8.05
471,Lamu,83,CN,1570372017,85,35.77,102.37,40.5,4.05
472,Saint-Ambroise,90,CA,1570372018,80,48.56,-71.32,44.6,5.82
473,Tafresh,33,IR,1570372018,19,34.69,50.01,62.64,4.36
474,Vila Franca do Campo,20,PT,1570372019,88,37.72,-25.43,75.2,13.87
475,Kensington,20,CA,1570372019,53,46.44,-63.64,55.0,12.75
476,Burnie,100,AU,1570372020,80,-41.05,145.91,51.01,10.0
477,Katobu,0,ID,1570372021,85,-4.94,122.53,75.06,4.81
478,Hay River,40,CA,1570372021,80,60.82,-115.79,32.0,10.29
479,Biak,76,ID,1570372023,98,-0.91,122.88,62.28,3.96
480,Plouzane,75,FR,1570372024,72,48.38,-4.62,62.01,13.87
481,Hokitika,82,NZ,1570372026,71,-42.72,170.96,48.24,6.49
482,Khromtau,0,KZ,1570372027,27,50.26,58.44,55.62,9.31
483,Kisangani,69,CD,1570372027,72,0.52,25.21,83.34,2.57
484,Abadiania,75,BR,1570372027,73,-16.2,-48.71,73.4,5.82
485,Kerman,20,IR,1570372028,5,30.29,57.06,77.0,6.93
486,Manokwari,100,ID,1570372028,85,-0.87,134.08,73.8,4.79
487,Arrah,20,IN,1570372029,78,25.56,84.66,82.4,3.69
488,Beroroha,90,MG,1570372029,24,-21.68,45.17,89.1,3.8
489,Havre-Saint-Pierre,20,CA,1570371853,49,50.23,-63.6,46.4,5.82
490,Carambei,100,BR,1570372030,98,-24.92,-50.1,62.1,4.63
491,Najran,75,SA,1570372030,15,17.54,44.22,95.0,9.17
492,Tuatapere,99,NZ,1570372031,92,-46.13,167.69,44.01,1.01
493,Sharanga,100,RU,1570372031,95,57.18,46.54,40.14,12.37
494,Dawlatabad,25,AF,1570372031,28,36.41,64.91,63.0,7.76
495,Haines Junction,100,CA,1570372032,94,60.75,-137.51,21.24,5.03
496,Osorno,90,CL,1570372032,82,-40.57,-73.14,57.2,13.87
497,Piopio,100,CL,1570372033,81,-42.79,-73.57,53.6,11.41
498,Emerald,0,AU,1570372033,43,-23.53,148.16,71.6,3.36
499,Houma,64,CN,1570372034,92,35.63,111.36,47.7,2.44
500,Mogzon,64,RU,1570372034,92,51.74,111.97,25.38,7.11
501,Corinto,75,CO,1570372034,94,3.17,-76.26,69.8,5.82
502,Moorhead,40,US,1570372035,57,46.87,-96.75,51.8,13.87
503,Talnakh,0,RU,1570372035,80,69.49,88.39,33.8,24.61
504,Hassleholm,40,SE,1570371749,49,56.16,13.77,48.2,3.36
505,Anderson,90,US,1570372036,88,34.51,-82.65,64.99,3.36
506,Gazojak,0,TM,1570372036,34,41.19,61.4,57.06,3.47
507,Pimentel,85,BR,1570372037,49,-3.7,-45.5,91.44,3.87
508,Simao,0,CN,1570372037,95,22.76,100.79,62.28,0.96
509,Umm Kaddadah,22,SD,1570372038,36,13.6,26.69,89.46,4.76
510,Yuza,67,JP,1570372038,72,39.05,139.95,64.62,15.43
511,Lipin Bor,100,RU,1570372039,87,60.26,37.97,35.28,4.52
512,Mitsamiouli,40,KM,1570372039,74,-11.38,43.28,84.2,10.29
513,Mount Isa,60,AU,1570372040,25,-20.73,139.49,62.6,4.7
514,Zaraza,59,VE,1570372040,72,9.35,-65.33,84.24,5.77
515,Caravelas,13,BR,1570372041,69,-17.73,-39.27,79.74,12.86
516,Bonavista,15,CA,1570372041,73,48.65,-53.11,46.0,13.0
517,Honiara,40,SB,1570372041,94,-9.43,159.96,78.8,15.37
518,Beihai,0,CN,1570372042,54,38.95,121.19,57.2,2.24
519,Bubaque,83,GW,1570372042,79,11.28,-15.83,81.9,10.45
520,Dudhani,100,IN,1570372043,66,17.36,76.37,82.44,2.53
521,Cascais,20,PT,1570372043,57,38.7,-9.42,82.99,14.99
522,Sterling,90,US,1570372044,88,39.0,-77.4,66.99,8.05
523,Waupun,1,US,1570371922,87,43.63,-88.73,53.01,10.29
524,Mazamari,33,PE,1570372044,71,-11.33,-74.53,50.76,5.88
525,Lac du Bonnet,95,CA,1570372045,89,50.25,-96.06,50.0,10.0
526,North Battleford,90,CA,1570372045,71,52.78,-108.3,42.8,13.87
527,Malazgirt,40,TR,1570372046,28,39.15,42.54,68.0,24.16
528,Hutchinson,1,US,1570372046,71,38.06,-97.93,57.2,5.82
529,Ribeira Brava,40,PT,1570372046,57,32.65,-17.07,77.0,18.34
530,Itarema,38,BR,1570372047,41,-2.92,-39.92,92.34,15.39
531,Sechura,45,PE,1570372047,85,-5.56,-80.82,62.64,8.59
532,Havoysund,75,NO,1570372048,81,71.0,24.66,42.8,34.45
533,San Juan del Sur,99,NI,1570372048,76,11.25,-85.87,81.54,3.04
534,Castelfiorentino,20,IT,1570372049,36,43.61,10.97,79.0,5.82
535,Alice Springs,0,AU,1570372049,15,-23.7,133.88,73.4,3.36
536,Elizabeth City,90,US,1570372050,60,36.3,-76.22,77.0,14.99
537,San Blas,75,MX,1570372050,83,21.54,-105.29,71.6,3.67
538,Maragogi,47,BR,1570372050,53,-9.01,-35.22,84.06,10.31
539,Daru,100,PG,1570372051,94,-9.07,143.21,74.52,8.41
540,Xingyi,0,CN,1570372053,96,24.19,102.82,55.62,2.33
541,Lufkin,1,US,1570371774,100,31.34,-94.73,77.0,1.19
542,Jian,100,IN,1570372053,67,25.65,87.89,84.6,3.67
543,Wichita Falls,40,US,1570372044,78,33.91,-98.49,78.01,4.32
544,San Lazaro,20,BZ,1570372054,94,18.04,-88.66,78.8,3.29
545,Springfield,90,US,1570371973,76,42.1,-72.59,63.0,9.33
546,Black Forest,75,AU,1570372055,87,-34.96,138.58,57.99,6.93
547,Mazara del Vallo,40,IT,1570372055,69,37.65,12.59,78.8,17.22
548,Taoudenni,0,ML,1570372055,6,22.68,-3.98,99.18,5.08
549,Orlik,40,PL,1570372056,75,53.95,17.74,48.0,4.7
550,North Bend,1,US,1570372056,100,43.41,-124.22,53.01,4.7
551,Tual,75,ID,1570372056,85,-5.67,132.75,79.2,18.48
552,Nouakchott,0,MR,1570371860,58,18.08,-15.98,87.8,8.05
553,Palmer,75,AU,1570372057,87,-34.85,139.16,57.99,6.93
554,Goundam,44,ML,1570372057,27,16.42,-3.66,96.3,8.88
555,Paraiso,40,BR,1570372058,55,-0.03,-51.17,91.4,10.29
556,Segezha,6,RU,1570372058,95,63.74,34.31,30.6,3.76
557,Mikhaylovka,80,RU,1570372058,90,52.96,103.29,34.38,7.72
558,Dubbo,0,AU,1570372059,41,-32.25,148.6,71.6,3.42
559,Parabel,63,RU,1570372059,89,58.71,81.5,52.56,11.77
560,Yanam,90,IN,1570372059,94,16.73,82.22,78.8,2.24
561,Tahe,7,CN,1570372060,66,52.34,124.71,36.54,7.72
562,Igarka,100,RU,1570372060,93,67.47,86.57,36.36,23.94
563,Kahului,1,US,1570372060,77,20.89,-156.47,71.01,4.7
564,Raudeberg,70,NO,1570372061,61,61.99,5.14,51.01,8.05
565,Tarakan,54,ID,1570371850,77,3.3,117.63,81.0,4.14
566,Porto Torres,40,IT,1570372061,60,40.84,8.4,73.4,12.75
567,Sicuani,100,PE,1570372062,39,-14.27,-71.23,50.76,11.12
568,Iqaluit,90,CA,1570372062,87,63.75,-68.52,35.6,13.87
569,Japura,0,ID,1570372062,73,-0.42,102.29,74.7,4.14
